id,source,physical_page,printed_page,item,content_and_conditions,current_web,gap,decision,new_location,confirmation,public_locations,implementation_treatment,implementation_detail
B01.01,パンフレット0723,1,なし,表紙・花鳥風月,牡丹と燕、赤地・金の線、やまとの家の名称,PC01/SP01 表紙,現行をユーザーが評価済み。中身の改訂と切り離す,採用,既存表紙を維持,原資料照合済み。公開時の採用版確認は共通,#top,採用／基礎説明に統合,原資料と選定原稿を対応ページへ反映。条件と選択範囲を近接表示。
B02.01,パンフレット0723,2,なし,家づくりの考え方,「ずっと、愛せる家。」長く使う設備と自由設計の説明,PC02/SP02 導入,現行は建物本体価格の確認が中心で、選び方の理由がない,統合,P01・P23,原資料照合済み。公開時の採用版確認は共通,#catalog-introduction / #catalog-design,採用／基礎説明に統合,原資料と選定原稿を対応ページへ反映。条件と選択範囲を近接表示。
B02.02,パンフレット0723,2,なし,実例写真と3シリーズ,花・京・風の住まい。掲載写真は家具・演出・選択設備を含む,PC02/SP02 導入,現行は3枚写真と短文のみ。写真内の採用仕様との関係が未提示,統合,P02–05,Q10,#catalog-series / #catalog-hana / #catalog-kyo / #catalog-kaze,採用／基礎説明に統合,原資料と選定原稿を対応ページへ反映。条件と選択範囲を近接表示。
B03.01,パンフレット0723,3,2–3,STEDIA空間事例,メーカーイメージと住空間事例。花・京で選べるキッチンの導入,PC04/SP07 キッチン,現在もキッチン写真はあるが選択肢への説明が弱い,統合,P06–07,Q01/Q10,#catalog-kitchen / #catalog-stedia,採用／基礎説明に統合,原資料と選定原稿を対応ページへ反映。条件と選択範囲を近接表示。
B03.02,パンフレット0723,3,2–3,写真と実際の仕様の差,イメージ写真と実際の商品仕様が異なる場合がある,PC04/SP07 キッチン,汎用の総括注記だけでは設備ごとの区別ができない,採用,P06–09 各写真の近接注記,原資料照合済み。公開時の採用版確認は共通,#catalog-kitchen / #catalog-stedia / #catalog-kt / #catalog-es,採用／基礎説明に統合,原資料と選定原稿を対応ページへ反映。条件と選択範囲を近接表示。
B04.01,パンフレット0723,4,4–5,STEDIAレイアウト,花：デュアルトップ対面またはI型。京：I型。KTとの選択関係は比較表にも記載,PC04/SP07 キッチン,現行の「花・京はSTEDIA」だけではKTが欠落,採用,P06・P07・P28,Q01,#catalog-kitchen / #catalog-stedia / #catalog-compare-water,採用／基礎説明に統合,原資料と選定原稿を対応ページへ反映。条件と選択範囲を近接表示。
B04.02,パンフレット0723,4,4–5,ステンレスエコキャビネット,骨組みまでステンレス。湿気・におい・汚れへの手入れの説明。絶対に錆びないとはしない,PC04/SP07 キッチン,機能説明なし,採用,P07,原資料照合済み。公開時の採用版確認は共通,#catalog-stedia,採用／基礎説明に統合,原資料と選定原稿を対応ページへ反映。条件と選択範囲を近接表示。
B04.03,パンフレット0723,4,4–5,美コートワークトップ,親水性コーティングで汚れの下に水が入りやすい。清掃は必要,PC04/SP07 キッチン,機能説明なし,採用,P07,原資料照合済み。公開時の採用版確認は共通,#catalog-stedia,採用／基礎説明に統合,原資料と選定原稿を対応ページへ反映。条件と選択範囲を近接表示。
B04.04,パンフレット0723,4,4–5,流レールシンク,水流とシンク形状でごみを排水口へ集める。水が流れる仕組み図を添える,PC04/SP07 キッチン,機能説明なし,採用,P07,原資料照合済み。公開時の採用版確認は共通,#catalog-stedia,採用／基礎説明に統合,原資料と選定原稿を対応ページへ反映。条件と選択範囲を近接表示。
B04.05,パンフレット0723,4,4–5,とってもクリン排水口,継ぎ目の少ない一体構造、ステンレスの網かご。分解・清掃する部分を見せる,PC04/SP07 キッチン,機能説明なし,採用,P07,原資料照合済み。公開時の採用版確認は共通,#catalog-stedia,採用／基礎説明に統合,原資料と選定原稿を対応ページへ反映。条件と選択範囲を近接表示。
B04.06,パンフレット0723,4,4–5,タッチレス水栓,センサーホースシャワー水栓、クロム。紙面に「浄水機能無し」。浄水付きと混同しない,PC04/SP07 キッチン,水栓の機能と条件なし,採用,P07 補助仕様・P31,Q01,#catalog-stedia / #catalog-conditions,基礎説明を掲載／追加条件を保留,タッチレスの採用機種・浄水の有無は未確定。P07で仕様選定の案内のみ。
B04.07,パンフレット0723,4,4–5,食器洗い乾燥機,引き出し式、パネルタイプ、乾燥機能、約5人分40点。採用機種・標準範囲を注文仕様と確認,PC04/SP07 キッチン,機種・容量の説明なし,保留,P07 補助仕様・P28,Q01,#catalog-stedia / #catalog-compare-water,追加主張を非掲載,機種・数値・契約条件・試験条件の未解決部分は非掲載。関連ページは根拠のある基礎説明を保持。
B04.08,パンフレット0723,4,4–5,流レール節水試算,10秒の洗い流し約1L×1日3回×30日＝90L/月という条件付き試算,PC04/SP07 キッチン,日常の節水量保証と誤読しやすい。仕組みの説明で役割を満たす,不採用,P31 出典補足に採否記録,原資料照合済み。公開時の採用版確認は共通,#catalog-conditions,不採用（原設計の判定を維持）,顧客UIへ転記しない。理由は原資料台帳のgap欄。
B04.09,パンフレット0723,4,4–5,KT選択対象,花・京の選択設備。メーカー名はクリナップ,PC04/SP07 キッチン,現行キッチン本文にはKTがない,採用,P06・P08・P28,Q01,#catalog-kitchen / #catalog-kt / #catalog-compare-water,採用／基礎説明に統合,原資料と選定原稿を対応ページへ反映。条件と選択範囲を近接表示。
B04.10,パンフレット0723,4,4–5,美サイレントEUシンク,特殊エンボスとコーティングで傷・汚れを抑え、手入れしやすい表面,PC04/SP07 キッチン,機能説明なし,採用,P08,原資料照合済み。公開時の採用版確認は共通,#catalog-kt,採用／基礎説明に統合,原資料と選定原稿を対応ページへ反映。条件と選択範囲を近接表示。
B04.11,パンフレット0723,4,4–5,KT引き出し底板,ステンレス底板。汚れたときの拭き取りと収納内部の写真,PC04/SP07 キッチン,機能説明なし,採用,P08,原資料照合済み。公開時の採用版確認は共通,#catalog-kt,採用／基礎説明に統合,原資料と選定原稿を対応ページへ反映。条件と選択範囲を近接表示。
B04.12,パンフレット0723,4,4–5,KTオールスライド収納,足元収納・コンロ横引き出し・包丁とラップの収納場所を示す,PC04/SP07 キッチン,機能説明なし,採用,P08,原資料照合済み。公開時の採用版確認は共通,#catalog-kt,採用／基礎説明に統合,原資料と選定原稿を対応ページへ反映。条件と選択範囲を近接表示。
B04.13,パンフレット0723,4,4–5,KTサイレントレール,ゆっくり閉まる機能。耐荷重20kgはコンロ横引き出しを除く,PC04/SP07 キッチン,機能と適用除外なし,採用,P08・P31,Q01,#catalog-kt / #catalog-conditions,基礎説明を掲載／追加条件を保留,ゆっくり閉まる機能は掲載。20kgと適用除外の数値は非掲載。
B05.01,パンフレット0723,5,6–7,ES選択対象,風のシステムキッチン。メーカーはLIXIL,PC04/SP07 キッチン,現行はESのメーカーと具体仕様が省略,採用,P06・P09・P28,Q01,#catalog-kitchen / #catalog-es / #catalog-compare-water,採用／基礎説明に統合,原資料と選定原稿を対応ページへ反映。条件と選択範囲を近接表示。
B05.02,パンフレット0723,5,6–7,アシストポケット,シンク下、使う物を立てて取り出す収納。ポケット・シェルフ構成は採用仕様で照合,PC04/SP07 キッチン,説明なし,採用,P09,Q01,#catalog-es,採用／基礎説明に統合,原資料と選定原稿を対応ページへ反映。条件と選択範囲を近接表示。
B05.03,パンフレット0723,5,6–7,コンロ下ポケットの矛盾,本文にコンロ用説明、図にはポケットなし。両方を標準機能として出さない,PC04/SP07 キッチン,矛盾の整理なし,保留,P09 補助仕様,Q01,#catalog-es,追加主張を非掲載,機種・数値・契約条件・試験条件の未解決部分は非掲載。関連ページは根拠のある基礎説明を保持。
B05.04,パンフレット0723,5,6–7,ES引き出しと底板,メラミン底板、ソフトモーションレール、深型・浅型キャビネットの使い分け,PC04/SP07 キッチン,説明なし,採用,P09,原資料照合済み。公開時の採用版確認は共通,#catalog-es,採用／基礎説明に統合,原資料と選定原稿を対応ページへ反映。条件と選択範囲を近接表示。
B05.05,パンフレット0723,5,6–7,ES食洗機キャビネット,食洗機下の浅型収納。食洗機の採用機種・容量は未確定,PC04/SP07 キッチン,説明なし,保留,P09・P28,Q01,#catalog-es / #catalog-compare-water,追加主張を非掲載,機種・数値・契約条件・試験条件の未解決部分は非掲載。関連ページは根拠のある基礎説明を保持。
B05.06,パンフレット0723,5,6–7,オールインワン浄水栓,浄水機能を備えた水栓。STEDIAの掲載水栓と区別,PC04/SP07 キッチン,説明なし,採用,P09・P28,Q01,#catalog-es / #catalog-compare-water,採用／基礎説明に統合,原資料と選定原稿を対応ページへ反映。条件と選択範囲を近接表示。
B05.07,パンフレット0723,5,6–7,キレイシンク,内寸約76.8×40×19.5cm。水栓位置左右選択の紙面表記。採用型に依存,PC04/SP07 キッチン,説明なし,採用,P09・P31,Q01,#catalog-es / #catalog-conditions,基礎説明を掲載／追加条件を保留,シンクの形・清掃を掲載。内寸と水栓位置の選択条件は非掲載。
B05.08,パンフレット0723,5,6–7,てまなし排水口,リングのない排水口で清掃しやすい構造,PC04/SP07 キッチン,説明なし,採用,P09,原資料照合済み。公開時の採用版確認は共通,#catalog-es,採用／基礎説明に統合,原資料と選定原稿を対応ページへ反映。条件と選択範囲を近接表示。
B05.09,パンフレット0723,5,6–7,天井・照明の事例,下がり天井、ペンダント、間接照明はオプションの説明として掲載,PC04/SP07 キッチン,現在の写真だけでは写真中の全設備が標準に見える,採用,P06・P09,原資料照合済み。公開時の採用版確認は共通,#catalog-kitchen / #catalog-es,採用／基礎説明に統合,原資料と選定原稿を対応ページへ反映。条件と選択範囲を近接表示。
B05.10,パンフレット0723,5,6–7,未完成の追記欄・QR枠,「最新情報を追記」、空欄QRを掲載しない,PC04/SP07 キッチン,紙面の制作途中要素。読者の判断情報ではない,不採用,P31 制作記録,原資料照合済み。公開時の採用版確認は共通,#catalog-conditions,不採用（原設計の判定を維持）,顧客UIへ転記しない。理由は原資料台帳のgap欄。
B06.01,パンフレット0723,6,8–9,sazanaタイプ別,花・京Tタイプ、風Nタイプ。T/Nを全シリーズ共通としない,PC05/SP08 浴室,現在は浴室写真と「商品別」のみ,採用,P10・P28,Q02,#catalog-bath / #catalog-compare-water,採用／基礎説明に統合,原資料と選定原稿を対応ページへ反映。条件と選択範囲を近接表示。
B06.02,パンフレット0723,6,8–9,浴室サイズ,花1616または1620、京・風1616。1620を全シリーズの標準としない,PC05/SP08 浴室,サイズ比較なし,採用,P10・P28,原資料照合済み。公開時の採用版確認は共通,#catalog-bath / #catalog-compare-water,採用／基礎説明に統合,原資料と選定原稿を対応ページへ反映。条件と選択範囲を近接表示。
B06.03,パンフレット0723,6,8–9,浴槽の形,ゆるリラ浴槽ほかクレイドル・スクエア・ワイドの紙面掲載。ワイドは1620用,PC05/SP08 浴室,選べる形がない,採用,P10 詳細選択,Q02,#catalog-bath,基礎説明を掲載／追加条件を保留,形の候補とワイド1620用を掲載。無条件の無料選択は非掲載。
B06.04,パンフレット0723,6,8–9,魔法びん浴槽,保温材とふろふたの仕組み。Tタイプ表示。Nへの適用は確認,PC05/SP08 浴室,断面とタイプ条件がない,採用,P10,Q02,#catalog-bath,採用／基礎説明に統合,原資料と選定原稿を対応ページへ反映。条件と選択範囲を近接表示。
B06.05,パンフレット0723,6,8–9,4時間後の温度差,2.5℃のメーカー試験値。試験条件を完全な原稿として取得できていない,PC05/SP08 浴室,数値を無条件で転記しない,保留,P10 試験条件・P31,Q02,#catalog-bath / #catalog-conditions,追加主張を非掲載,機種・数値・契約条件・試験条件の未解決部分は非掲載。関連ページは根拠のある基礎説明を保持。
B06.06,パンフレット0723,6,8–9,床の違い,T：お掃除ラクラクほっカラリ床、N：カラリ床。断面と足触りは該当タイプで説明,PC05/SP08 浴室,床機能なし,採用,P10・P28,Q02,#catalog-bath / #catalog-compare-water,採用／基礎説明に統合,原資料と選定原稿を対応ページへ反映。条件と選択範囲を近接表示。
B06.07,パンフレット0723,6,8–9,排水口の清掃,お掃除ラクラク排水口、抗菌・防カビの適用部位。家全体の防カビ保証ではない,PC05/SP08 浴室,説明なし,採用,P10 詳細,Q02,#catalog-bath,基礎説明を掲載／追加条件を保留,排水口の清掃を掲載。抗菌・防カビの試験効果は非掲載。
B06.08,パンフレット0723,6,8–9,お掃除ラクラク鏡,紙面のタイプラベルと施工写真の鏡オプション注記を区別,PC05/SP08 浴室,全浴室への誤適用を避ける,保留,P10 詳細,Q02,#catalog-bath,追加主張を非掲載,機種・数値・契約条件・試験条件の未解決部分は非掲載。関連ページは根拠のある基礎説明を保持。
B06.09,パンフレット0723,6,8–9,人大浴槽,人工大理石浴槽はオプション表記,PC05/SP08 浴室,現行注記なし,採用,P10 オプション欄,原資料照合済み。公開時の採用版確認は共通,#catalog-bath,採用／基礎説明に統合,原資料と選定原稿を対応ページへ反映。条件と選択範囲を近接表示。
B06.10,パンフレット0723,6,8–9,マグネット壁と展示写真,壁への取り付け、手入れの実例。備品の付属範囲は別,PC05/SP08 浴室,写真中の備品の範囲なし,採用,P10 詳細,Q02,#catalog-bath,採用／基礎説明に統合,原資料と選定原稿を対応ページへ反映。条件と選択範囲を近接表示。
B07.01,パンフレット0723,7,10–11,洗面の名称・寸法,TOTO Octave Lite、間口900mm、ボウル容量12L,PC05/SP09 洗面・トイレ,単なる洗面写真に留まる,採用,P11・P28,原資料照合済み。公開時の採用版確認は共通,#catalog-vanity / #catalog-compare-water,基礎説明を掲載／追加条件を保留,商品名と900mm幅を掲載。12L容量は採用ボウル照合が残るため非掲載。
B07.02,パンフレット0723,7,10–11,洗面収納の違い,花・京は引き出し、風は開き扉。比較表の結合セルを確認,PC05/SP09 洗面・トイレ,差の説明なし,採用,P11・P28,原資料照合済み。公開時の採用版確認は共通,#catalog-vanity / #catalog-compare-water,採用／基礎説明に統合,原資料と選定原稿を対応ページへ反映。条件と選択範囲を近接表示。
B07.03,パンフレット0723,7,10–11,すべり台ボウル,水が排水口へ流れやすい形、ワンプッシュ排水栓,PC05/SP09 洗面・トイレ,説明なし,採用,P11,原資料照合済み。公開時の採用版確認は共通,#catalog-vanity,採用／基礎説明に統合,原資料と選定原稿を対応ページへ反映。条件と選択範囲を近接表示。
B07.04,パンフレット0723,7,10–11,お掃除ラクラク水栓,水栓まわりに水がたまりにくい構造、ホース引き出し、吐水切替,PC05/SP09 洗面・トイレ,説明なし,採用,P11,原資料照合済み。公開時の採用版確認は共通,#catalog-vanity,採用／基礎説明に統合,原資料と選定原稿を対応ページへ反映。条件と選択範囲を近接表示。
B07.05,パンフレット0723,7,10–11,鏡・照明,ワイドLED、エコミラー。収納部写真とセットで説明,PC05/SP09 洗面・トイレ,説明なし,採用,P11,原資料照合済み。公開時の採用版確認は共通,#catalog-vanity,採用／基礎説明に統合,原資料と選定原稿を対応ページへ反映。条件と選択範囲を近接表示。
B07.06,パンフレット0723,7,10–11,ソフトクローズの条件,2段引き出しW750/W900用。開き扉の風に自動適用しない,PC05/SP09 洗面・トイレ,条件なし,採用,P11・P31,原資料照合済み。公開時の採用版確認は共通,#catalog-vanity / #catalog-conditions,採用／基礎説明に統合,原資料と選定原稿を対応ページへ反映。条件と選択範囲を近接表示。
B07.07,パンフレット0723,7,10–11,トイレ配置,花・京共通セルに1F便器・2Fタンク式・別置き手洗い。風は1F/2Fタンク式,PC05/SP09 洗面・トイレ,過去台帳の「京は手洗いのみ」は結合セル読み違い。採用しない,採用,P12・P28,Q03,#catalog-toilet / #catalog-compare-water,採用／基礎説明に統合,原資料と選定原稿を対応ページへ反映。条件と選択範囲を近接表示。
B07.08,パンフレット0723,7,10–11,便器の型番,紙面はウォシュレット一体形便器。写真からGG等の型番を推測しない,PC05/SP09 洗面・トイレ,正式型番がない,保留,P12・P28,Q03,#catalog-toilet / #catalog-compare-water,追加主張を非掲載,機種・数値・契約条件・試験条件の未解決部分は非掲載。関連ページは根拠のある基礎説明を保持。
B07.09,パンフレット0723,7,10–11,便ふた自動開閉・自動洗浄,掲載機能。1F/2F、シリーズ、機種への対応が未確定,PC05/SP09 洗面・トイレ,一体形便器全部への共通化を防ぐ,保留,P12 詳細,Q03,#catalog-toilet,追加主張を非掲載,機種・数値・契約条件・試験条件の未解決部分は非掲載。関連ページは根拠のある基礎説明を保持。
B07.10,パンフレット0723,7,10–11,プレミスト・セフィオンテクト,便器表面と使用前の水の働き。採用型番との照合後に掲載,PC05/SP09 洗面・トイレ,同上,保留,P12 詳細,Q03,#catalog-toilet,追加主張を非掲載,機種・数値・契約条件・試験条件の未解決部分は非掲載。関連ページは根拠のある基礎説明を保持。
B07.11,パンフレット0723,7,10–11,クリーン便座・お掃除リフト,継ぎ目と便器の隙間の清掃。適用機種の確認が必要,PC05/SP09 洗面・トイレ,同上,保留,P12 詳細,Q03,#catalog-toilet,追加主張を非掲載,機種・数値・契約条件・試験条件の未解決部分は非掲載。関連ページは根拠のある基礎説明を保持。
B07.12,パンフレット0723,7,10–11,停電時の洗浄,4秒レバー操作・電池不要という紙面説明。採用機種の取扱説明で照合,PC05/SP09 洗面・トイレ,誤操作を案内しない,保留,P12 詳細・P31,Q03,#catalog-toilet / #catalog-conditions,追加主張を非掲載,機種・数値・契約条件・試験条件の未解決部分は非掲載。関連ページは根拠のある基礎説明を保持。
B08.01,パンフレット0723,8,12–13,花の室内建具,LIXIL ラシッサD：ヴィンティア、ノースフォレスト、キナリモダン、パレット、ラテオ。ラシッサSクリエ,PC06/SP10 内装,現在は建具名・選択範囲なし,採用,P13・P29,原資料照合済み。公開時の採用版確認は共通,#catalog-doors / #catalog-compare-interior,採用／基礎説明に統合,原資料と選定原稿を対応ページへ反映。条件と選択範囲を近接表示。
B08.02,パンフレット0723,8,12–13,京・風の室内建具,EIDAI スキスムS。床と建具を合わせた空間写真,PC06/SP10 内装,現在は建具名なし,採用,P13・P29,原資料照合済み。公開時の採用版確認は共通,#catalog-doors / #catalog-compare-interior,採用／基礎説明に統合,原資料と選定原稿を対応ページへ反映。条件と選択範囲を近接表示。
B08.03,パンフレット0723,8,12–13,空間コーディネート,メーカーの空間写真は色合わせの参考。家具・造作・全製品を標準としない,PC06/SP10 内装,写真の役割が曖昧,採用,P13,Q04/Q10,#catalog-doors,採用／基礎説明に統合,原資料と選定原稿を対応ページへ反映。条件と選択範囲を近接表示。
B09.01,パンフレット0723,9,14–15,VINTIA色柄,DEネイビーブルー、DFボトルグリーン、DGチャコールブラック、DKナチュラルオーク、DBラフオーク、DCグレージュエルム,PC06/SP10 内装,色柄の一覧なし,採用,P14 色柄帳,Q04,#catalog-colors,基礎説明を掲載／追加条件を保留,色名・コード一覧を掲載。高解像度正規色見本は未取得。
B09.02,パンフレット0723,9,14–15,NORTH FOREST色柄,EHテンダーオーク、EJカームチーク、EKセージグリーン,PC06/SP10 内装,同上,採用,P14 色柄帳,Q04,#catalog-colors,基礎説明を掲載／追加条件を保留,色名・コード一覧を掲載。高解像度正規色見本は未取得。
B09.03,パンフレット0723,9,14–15,KINARI MODERN色柄,EDコウノキ、EEソフトモーブ、EFソフトグレー,PC06/SP10 内装,同上,採用,P14 色柄帳,Q04,#catalog-colors,基礎説明を掲載／追加条件を保留,色名・コード一覧を掲載。高解像度正規色見本は未取得。
B09.04,パンフレット0723,9,14–15,LATTEO色柄,DZウォルナット、DRショコラオーク、DXチェスナット、DYチェリー,PC06/SP10 内装,同上,採用,P14 色柄帳,Q04,#catalog-colors,基礎説明を掲載／追加条件を保留,色名・コード一覧を掲載。高解像度正規色見本は未取得。
B09.05,パンフレット0723,9,14–15,PALETTE色柄,DJホワイトオーク、DKナチュラルオーク、DLスモークオーク、DNブルーペイント、DTピンクアッシュ、DVグレーアッシュ,PC06/SP10 内装,同上,採用,P14 色柄帳,Q04,#catalog-colors,基礎説明を掲載／追加条件を保留,色名・コード一覧を掲載。高解像度正規色見本は未取得。
B09.06,パンフレット0723,9,14–15,CREA色柄,YYプレシャスホワイト、WAクリエアイボリー、ACクリエオーク、ADクリエチェリー、MMクリエモカ、RAコージーライトグレー、DDクリエダーク,PC06/SP10 内装,同上,採用,P14 色柄帳,Q04,#catalog-colors,基礎説明を掲載／追加条件を保留,色名・コード一覧を掲載。高解像度正規色見本は未取得。
B09.07,パンフレット0723,9,14–15,Skism S色柄,WHハーモニックホワイト、PPパールペール、LNネイキッドライト、GMグレースミディアム、CBショコラブラウン、DBディープブラック、GUライトグレージュ、PHプレーンホワイト,PC06/SP10 内装,同上,採用,P14 色柄帳,Q04,#catalog-colors,基礎説明を掲載／追加条件を保留,色名と矛盾のないコードのみ。GUコードは省きライトグレージュ名を残す。正規色見本未取得。
B09.08,パンフレット0723,9,14–15,Skism SのGU重複,紙面でGUが異なる画像に重複。色コードを勝手に補完しない,PC06/SP10 内装,二次資料にも誤記持ち越しの恐れ,保留,P14 色柄帳,Q04,#catalog-colors,追加主張を非掲載,機種・数値・契約条件・試験条件の未解決部分は非掲載。関連ページは根拠のある基礎説明を保持。
B09.09,パンフレット0723,9,14–15,枠・造作材の色,LIXILプレシャスホワイト、EIDAIプレーンホワイトの紙面注記,PC06/SP10 内装,色本体と枠の関係なし,採用,P14・P29,Q04,#catalog-colors / #catalog-compare-interior,採用／基礎説明に統合,原資料と選定原稿を対応ページへ反映。条件と選択範囲を近接表示。
B09.10,パンフレット0723,9,14–15,ガラス・パネル,透明/エッチング4mm、LGLは5mm、樹脂パネルの適用注記。採用ドア型との照合,PC06/SP10 内装,適用条件なし,保留,P14 詳細・P31,Q04,#catalog-colors / #catalog-conditions,追加主張を非掲載,機種・数値・契約条件・試験条件の未解決部分は非掲載。関連ページは根拠のある基礎説明を保持。
B09.11,パンフレット0723,9,14–15,高さと扉デザイン,ハイドア・標準高、採光・目隠しの違いを写真と一緒に説明。高さは旧仕様との照合が必要,PC06/SP10 内装,説明なし,採用,P13–14,Q12,#catalog-doors / #catalog-colors,基礎説明を掲載／追加条件を保留,採光・視線・開き方・高さの選定説明を掲載。高さの数値は非掲載。
B10.01,パンフレット0723,10,16–17,花の床TY-02D,LIXIL、足ざわり・清掃・ワックス不要の特徴,PC06/SP10 内装,床の名前・違いなし,採用,P15・P29,原資料照合済み。公開時の採用版確認は共通,#catalog-floor / #catalog-compare-interior,採用／基礎説明に統合,原資料と選定原稿を対応ページへ反映。条件と選択範囲を近接表示。
B10.02,パンフレット0723,10,16–17,TY-02Dの除外条件,ライトクレイ調は足ざわり仕様が異なる。床暖房非対応種類あり,PC06/SP10 内装,選択条件なし,採用,P15 詳細・P31,Q04,#catalog-floor / #catalog-conditions,採用／基礎説明に統合,原資料と選定原稿を対応ページへ反映。条件と選択範囲を近接表示。
B10.03,パンフレット0723,10,16–17,床の傷とキャスター,傷がつかない保証ではない。金属/球状キャスターや過大荷重を避ける等の注意,PC06/SP10 内装,手入れ説明なし,採用,P15 手入れ,Q04,#catalog-floor,採用／基礎説明に統合,原資料と選定原稿を対応ページへ反映。条件と選択範囲を近接表示。
B10.04,パンフレット0723,10,16–17,シート床V溝,端部の白い線など素材上の見え方。実サンプルで確認,PC06/SP10 内装,説明なし,採用,P15 素材詳細,原資料照合済み。公開時の採用版確認は共通,#catalog-floor,採用／基礎説明に統合,原資料と選定原稿を対応ページへ反映。条件と選択範囲を近接表示。
B10.05,パンフレット0723,10,16–17,京アトムジェニック,EIDAI、へこみ・傷への配慮、ワックス不要、ホットカーペット対応の紙面説明,PC06/SP10 内装,選択肢なし,採用,P15・P29,Q04,#catalog-floor / #catalog-compare-interior,基礎説明を掲載／追加条件を保留,名称と手入れを掲載。ホットカーペットへの個別対応は未確定につき非掲載。
B10.06,パンフレット0723,10,16–17,京銘木フロアーラスティック,ikuta、天然銘木突き板、マットUV塗装、床暖房対応の紙面説明,PC06/SP10 内装,選択肢なし,採用,P15・P29,Q04,#catalog-floor / #catalog-compare-interior,基礎説明を掲載／追加条件を保留,天然突板・マット塗装を掲載。床暖房一律対応は非掲載。
B10.07,パンフレット0723,10,16–17,ラスティック材の特徴,天然木の節・割れ・色差。12mm断面の図、樹種選択は採用製品と照合,PC06/SP10 内装,実物比較なし,採用,P15 詳細,原資料照合済み。公開時の採用版確認は共通,#catalog-floor,基礎説明を掲載／追加条件を保留,節・木目・色差を掲載。12mm断面・樹種の選択範囲は非掲載。
B10.08,パンフレット0723,10,16–17,床材の衛生試験,抗ウイルス・抗菌・VOC/臭い低減はメーカー試験と表面の性能。疾病予防や家全体効果にしない,PC06/SP10 内装,試験対象・条件の完全な出典が必要,保留,P15 試験条件・P31,Q04,#catalog-floor / #catalog-conditions,追加主張を非掲載,機種・数値・契約条件・試験条件の未解決部分は非掲載。関連ページは根拠のある基礎説明を保持。
B10.09,パンフレット0723,10,16–17,風アトムフィットGM,EIDAIのシリーズ別採用床,PC06/SP10 内装,床名なし,採用,P15・P29,原資料照合済み。公開時の採用版確認は共通,#catalog-floor / #catalog-compare-interior,採用／基礎説明に統合,原資料と選定原稿を対応ページへ反映。条件と選択範囲を近接表示。
B10.10,パンフレット0723,10,16–17,床の施工事例,色・光・面積で印象が変わる。画像表示と実物に色差あり,PC06/SP10 内装,写真だけで標準仕様を断定できない,採用,P15,Q10,#catalog-floor,採用／基礎説明に統合,原資料と選定原稿を対応ページへ反映。条件と選択範囲を近接表示。
B11.01,パンフレット0723,11,18–19,ここち和座,DAIKEN、畳の共通選択材。樹脂加工された和紙畳表の説明,PC06/SP10 内装,和室写真のみ,採用,P16・P29,原資料照合済み。公開時の採用版確認は共通,#catalog-tatami-tile / #catalog-compare-interior,採用／基礎説明に統合,原資料と選定原稿を対応ページへ反映。条件と選択範囲を近接表示。
B11.02,パンフレット0723,11,18–19,畳の耐久試験,い草比約3倍の耐久試験。あらゆる使い方の寿命が3倍という意味ではない,PC06/SP10 内装,比較条件を近接掲載する必要,保留,P16 詳細・P31,Q04,#catalog-tatami-tile / #catalog-conditions,追加主張を非掲載,機種・数値・契約条件・試験条件の未解決部分は非掲載。関連ページは根拠のある基礎説明を保持。
B11.03,パンフレット0723,11,18–19,畳のカビ試験,28℃湿度97％28日、比較写真14日など紙面条件。防カビの絶対保証にしない,PC06/SP10 内装,条件が揃ったメーカー原稿取得待ち,保留,P16 詳細・P31,Q04,#catalog-tatami-tile / #catalog-conditions,追加主張を非掲載,機種・数値・契約条件・試験条件の未解決部分は非掲載。関連ページは根拠のある基礎説明を保持。
B11.04,パンフレット0723,11,18–19,畳の汚れ・色変化,撥水・汚れにくさ、UV2年相当試験。清掃と日常管理は必要,PC06/SP10 内装,数値試験を外して特徴は残す,採用,P16,原資料照合済み。公開時の採用版確認は共通,#catalog-tatami-tile,採用／基礎説明に統合,原資料と選定原稿を対応ページへ反映。条件と選択範囲を近接表示。
B11.05,パンフレット0723,11,18–19,畳6色,グリーン、イエロー、アイボリー、ベージュ、ブラウン、ダークを実サンプルで比較,PC06/SP10 内装,色見本なし,採用,P16 色柄帳,Q04,#catalog-tatami-tile,採用／基礎説明に統合,原資料と選定原稿を対応ページへ反映。条件と選択範囲を近接表示。
B11.06,パンフレット0723,11,18–19,Rivieraタイル4系統,A-ROCK、ETERNITY、GALAPAGOS、LUSERNA。共通選択枠,PC06/SP10 内装,タイル選択肢なし,採用,P16・P29,原資料照合済み。公開時の採用版確認は共通,#catalog-tatami-tile / #catalog-compare-interior,採用／基礎説明に統合,原資料と選定原稿を対応ページへ反映。条件と選択範囲を近接表示。
B11.07,パンフレット0723,11,18–19,磁器質タイルの特徴,硬さ・低吸水性・汚れにくさ、石目の柄差。原寸と湿潤時の触感を実物で確認,PC06/SP10 内装,性能と選び方なし,採用,P16,原資料照合済み。公開時の採用版確認は共通,#catalog-tatami-tile,採用／基礎説明に統合,原資料と選定原稿を対応ページへ反映。条件と選択範囲を近接表示。
B11.08,パンフレット0723,11,18–19,タイル施工範囲,旧仕様の2坪と部位は最新版に未統一。全外構を含むとしない,PC06/SP10 内装,範囲を別途確定,保留,P29・P31,Q12,#catalog-compare-interior / #catalog-conditions,追加主張を非掲載,機種・数値・契約条件・試験条件の未解決部分は非掲載。関連ページは根拠のある基礎説明を保持。
B12.01,パンフレット0723,12,20–21,玄関ドアの形式,LIXILジエスタ2。花は親子扉、京・風は片開き,PC07/SP11 玄関外装,形式差は最終短文のみ,採用,P17・P30,原資料照合済み。公開時の採用版確認は共通,#catalog-entrance / #catalog-compare-exterior,採用／基礎説明に統合,原資料と選定原稿を対応ページへ反映。条件と選択範囲を近接表示。
B12.02,パンフレット0723,12,20–21,花FACE,顔認証AC100V。FACE/タッチボタン/Tebra等の組合せ図。単独・二認証は実設定で確認,PC07/SP11 玄関外装,機能と電源条件なし,採用,P17・P20,Q13,#catalog-entrance / #catalog-smart,基礎説明を掲載／追加条件を保留,FACEの用途・電源・登録を掲載。二認証の設定・同梱物は非掲載。
B12.03,パンフレット0723,12,20–21,京・風FamiLock,スマホまたはタグで解錠。付属タグ3・オーナーキー1・手動キー4、電池式は採用品と照合,PC07/SP11 玄関外装,使い方・同梱物・電源がない,採用,P17・P20,Q13,#catalog-entrance / #catalog-smart,基礎説明を掲載／追加条件を保留,FamiLockの操作・登録と手動キーを掲載。同梱数は非掲載。
B12.04,パンフレット0723,12,20–21,玄関ドアデザイン,掲載18種と写真色：G14/G15=クリエダーク、M12=トリノパイン、M22=クリエペール、M24=トリノパイン、M26=グレイッシュオーク、M13=クリエアイボリー、M14=クリエモカ、M16=クリエダーク、M27=クリエペール、M28=ミディアムチェリー、P12=アイリッシュパイン、M17=ナチュラルホワイト、M21=ゼンオーク、P16=アンティークオーク、D11=ポートマホガニー、D41/C12=エクリュアイボリー。写真色と下の色一覧の対応も採用品版で照合,PC07/SP11 玄関外装,型一覧なし,採用,P17 デザイン帳,Q04,#catalog-entrance,基礎説明を掲載／追加条件を保留,18デザインの候補名を掲載。写真と色の不整合は未確定として対応付けを非掲載。
B12.05,パンフレット0723,12,20–21,玄関ドア色柄,紙面の17色：クリエアイボリー、グレイッシュオーク、クリエペール、クリエラスク、ミディアムチェリー、クリエモカ、ブラックウォールナット、ゼンオーク、クリエダーク、トリノパイン、シャンパンレッド、パールブルー、マットブラック、ナチュラルホワイト、ポリッシュシルバー、シャイングレー、オータムブラウン。個別ドア写真には一覧外の色名もあるため現行選択可能性を照合,PC07/SP11 玄関外装,色一覧なし,採用,P17 色柄帳,Q04,#catalog-entrance,基礎説明を掲載／追加条件を保留,17色の候補名を掲載。全デザインで全色選べるとは表示しない。
B12.06,パンフレット0723,12,20–21,Ring防犯ドアホンPro,4K・広角・動作検知・サイレン・双方向通話・スマホ連携・屋外IP65という掲載機能,PC07/SP11 玄関外装,玄関写真だけでは伝わらない,採用,P20,Q13,#catalog-smart,基礎説明を掲載／追加条件を保留,来客の確認・応答と接続条件を掲載。型番Pro・4K・IP65・サイレンは採用機種照合待ちとして非掲載。
B12.07,パンフレット0723,12,20–21,クラウド録画と接続条件,録画契約、Wi-Fi、対応端末/Alexa、電源工事、通信障害時の機能を確認,PC07/SP11 玄関外装,無料無制限・接続済みと誤認させない,保留,P20・P31,Q13,#catalog-smart / #catalog-conditions,追加主張を非掲載,機種・数値・契約条件・試験条件の未解決部分は非掲載。関連ページは根拠のある基礎説明を保持。
B12.08,パンフレット0723,12,20–21,メーカー希望小売の注記,商品代と施工費別というメーカー汎用注記をやまと価格に置換しない,PC07/SP11 玄関外装,現在の建物価格との区別を明記,統合,P31 価格範囲,Q09,#catalog-conditions,採用／基礎説明に統合,原資料と選定原稿を対応ページへ反映。条件と選択範囲を近接表示。
B13.01,パンフレット0723,13,22–23,ヘーベルパワーボード,ALC37mm。比較の16mmサイディングは一例,PC07/SP11 玄関外装,外壁接写のみで材質・厚さがわからない,採用,P18・P30,原資料照合済み。公開時の採用版確認は共通,#catalog-exterior / #catalog-compare-exterior,採用／基礎説明に統合,原資料と選定原稿を対応ページへ反映。条件と選択範囲を近接表示。
B13.02,パンフレット0723,13,22–23,断熱・遮音・防火の仕組み,気泡構造と厚み、外壁としての性能。建物全体の認定ではない,PC07/SP11 玄関外装,図と意味がない,採用,P18,原資料照合済み。公開時の採用版確認は共通,#catalog-exterior,採用／基礎説明に統合,原資料と選定原稿を対応ページへ反映。条件と選択範囲を近接表示。
B13.03,パンフレット0723,13,22–23,遮音約30dB・耐火試験,紙面の試験値と試験体図。壁・窓・施工状態に依存,PC07/SP11 玄関外装,原試験条件未取得で数値の一般化は不可,保留,P18 試験条件・P31,Q04,#catalog-exterior / #catalog-conditions,追加主張を非掲載,機種・数値・契約条件・試験条件の未解決部分は非掲載。関連ページは根拠のある基礎説明を保持。
B13.04,パンフレット0723,13,22–23,期待耐用年数60年,維持管理を前提とする外壁材の説明。60年の無償保証ではない,PC07/SP11 玄関外装,保証年数と混同しない,保留,P18 メンテナンス,Q04,#catalog-exterior,追加主張を非掲載,機種・数値・契約条件・試験条件の未解決部分は非掲載。関連ページは根拠のある基礎説明を保持。
B13.05,パンフレット0723,13,22–23,純正グランロック塗装,再塗装サイクル20年という紙面比較。立地・施工・点検に依存,PC07/SP11 玄関外装,家全体20年メンテナンス不要とはしない,保留,P18 メンテナンス・P31,Q04,#catalog-exterior / #catalog-conditions,追加主張を非掲載,機種・数値・契約条件・試験条件の未解決部分は非掲載。関連ページは根拠のある基礎説明を保持。
B13.06,パンフレット0723,13,22–23,外壁施工例と動画導線,実物接写と完成写真。空のQRは載せず、実動画を取得できた時だけリンク,PC07/SP11 玄関外装,実物と材料断面の組合せがない,採用,P18,Q10/Q14,#catalog-exterior,基礎説明を掲載／追加条件を保留,支給外壁写真を掲載。未取得動画・空QRは非掲載。
B14.01,パンフレット0723,14,24–25,サーモスL,アルミと樹脂のハイブリッド、細いフレーム、Low-E複層ガラスの構造,PC07/SP11 玄関外装,窓の商品説明なし,採用,P19・P30,Q05,#catalog-windows / #catalog-compare-exterior,基礎説明を掲載／追加条件を保留,フレームとLow-Eの仕組みを説明。風の構成欠如・全棟一律仕様は非掲載。
B14.02,パンフレット0723,14,24–25,Low-Eと風の表記差,本文は全シリーズ、比較表は風にサーモスL＋シャッター、旧表は防犯ガラス等。風がLow-E無しと断定しない,PC07/SP11 玄関外装,適用範囲の決着が必要,保留,P19・P30,Q05,#catalog-windows / #catalog-compare-exterior,追加主張を非掲載,機種・数値・契約条件・試験条件の未解決部分は非掲載。関連ページは根拠のある基礎説明を保持。
B14.03,パンフレット0723,14,24–25,アルゴンガス・樹脂スペーサー,オプション表記。標準ガラスと別に提示,PC07/SP11 玄関外装,標準・追加の境界なし,採用,P19 詳細,Q05,#catalog-windows,基礎説明を掲載／追加条件を保留,追加構成として説明。一律標準・実価格は非掲載。
B14.04,パンフレット0723,14,24–25,熱性能の比較数値,2倍、アルゴン30％、樹脂1/1000等は部材と比較条件の話。家全体の省エネ倍率にしない,PC07/SP11 玄関外装,比較条件と採用構成が必要,保留,P19 試験条件・P31,Q05,#catalog-windows / #catalog-conditions,追加主張を非掲載,機種・数値・契約条件・試験条件の未解決部分は非掲載。関連ページは根拠のある基礎説明を保持。
B14.05,パンフレット0723,14,24–25,開き方の種類,引違い、腰窓、採風勝手口、高所横すべり、上げ下げFS、FIX、縦横すべり、内倒し,PC07/SP11 玄関外装,用途別の窓選びなし,採用,P19 選択帳,原資料照合済み。公開時の採用版確認は共通,#catalog-windows,採用／基礎説明に統合,原資料と選定原稿を対応ページへ反映。条件と選択範囲を近接表示。
B14.06,パンフレット0723,14,24–25,防犯部材,防犯合わせガラス、面格子、カムラッチ、サブロック。設置位置・仕様に依存,PC07/SP11 玄関外装,全部屋一律とはしない,採用,P19 詳細,Q05,#catalog-windows,採用／基礎説明に統合,原資料と選定原稿を対応ページへ反映。条件と選択範囲を近接表示。
B14.07,パンフレット0723,14,24–25,LifeAssist2,風のIoT設備として表示。操作できる機器と追加機器を確認,PC07/SP11 玄関外装,機能説明なし,採用,P20・P30,Q13,#catalog-smart / #catalog-compare-exterior,採用／基礎説明に統合,原資料と選定原稿を対応ページへ反映。条件と選択範囲を近接表示。
B14.08,パンフレット0723,14,24–25,スマート設備の対象整理,FACE花、FamiLock京風、Ring全シリーズの紙面ラベルを相互照合,PC07/SP11 玄関外装,シリーズ別のまとまった説明なし,統合,P17・P20・P30,Q13,#catalog-entrance / #catalog-smart / #catalog-compare-exterior,採用／基礎説明に統合,原資料と選定原稿を対応ページへ反映。条件と選択範囲を近接表示。
B15.01,パンフレット0723,15,26–27,耐震と制振の選択,紙面「耐震 または 制振」。両方全棟標準と断定しない,PC08/SP12–14 性能,現行にも選択注記があるが根拠図・違いがない,採用,P21・P30,Q06,#catalog-earthquake / #catalog-compare-exterior,採用／基礎説明に統合,原資料と選定原稿を対応ページへ反映。条件と選択範囲を近接表示。
B15.02,パンフレット0723,15,26–27,木造軸組と耐力面材,柱・梁・筋交い・面材で力に抵抗する。構造図と実物を並べる,PC08/SP12–14 性能,構造説明なし,採用,P21,原資料照合済み。公開時の採用版確認は共通,#catalog-earthquake,採用／基礎説明に統合,原資料と選定原稿を対応ページへ反映。条件と選択範囲を近接表示。
B15.03,パンフレット0723,15,26–27,耐震等級3相当,相当という限定を必ず残す。第三者認定取得や等級3証明の全棟取得と同義にしない,PC08/SP12–14 性能,表現だけあり意味と証拠がない,採用,P21・P30,Q06,#catalog-earthquake / #catalog-compare-exterior,基礎説明を掲載／追加条件を保留,「相当」と第三者評価の違いを説明。一律認定取得を主張しない。
B15.04,パンフレット0723,15,26–27,筋交い・ホールダウン金物,筋交い倍率2.5等の設計部材値。建物強度全体の倍率ではない,PC08/SP12–14 性能,部位写真なし,採用,P21 詳細,Q06,#catalog-earthquake,基礎説明を掲載／追加条件を保留,接合部材の基本を説明。筋交い2.5倍の数値は非掲載。
B15.05,パンフレット0723,15,26–27,wallstat,全棟、阪神・淡路大震災2回のシミュレーションという紙面説明。入力条件・実施記録を伴う,PC08/SP12–14 性能,短文のみ。実計算画面・条件なし,採用,P21,Q06/Q14,#catalog-earthquake,基礎説明を掲載／追加条件を保留,解析に入力条件と結果が必要な旨を説明。全棟実施・特定地震2回実施・解析動画は未実証として非掲載。
B15.06,パンフレット0723,15,26–27,MIRAIE,制振ダンパーが揺れを吸収する仕組み。展示品実写を使用。採用範囲は別途照合,PC08/SP12–14 性能,接写なし。採用を全棟標準に広げない,採用,P21,Q06,#catalog-earthquake,採用／基礎説明に統合,原資料と選定原稿を対応ページへ反映。条件と選択範囲を近接表示。
B15.07,パンフレット0723,15,26–27,地盤調査と改良,地盤調査、必要な改良を会社が負担する一次メモ。土地・契約対象の条件を確認,PC08/SP12–14 性能,会社負担の対象条件なし,採用,P22・P25・P31,Q09,#catalog-insulation / #catalog-construction / #catalog-conditions,基礎説明を掲載／追加条件を保留,地盤調査と工事範囲を説明。会社負担の全土地適用は非掲載。
B15.08,パンフレット0723,15,26–27,地盤保証会社の差,P27にハウスジーメン、P32に住宅技術協議会など。制度の関係を確認,PC08/SP12–14 性能,同一制度と決め付けない,保留,P26・P31,Q07,#catalog-warranty / #catalog-conditions,追加主張を非掲載,機種・数値・契約条件・試験条件の未解決部分は非掲載。関連ページは根拠のある基礎説明を保持。
B15.09,パンフレット0723,15,26–27,現場発泡断熱,アクアフォームLITEは比較表で名称確認。施工で隙間を埋める。厚さ・UA/C値は未確認,PC08/SP12–14 性能,説明が商品名に留まる,採用,P22・P30,Q06,#catalog-insulation / #catalog-compare-exterior,採用／基礎説明に統合,原資料と選定原稿を対応ページへ反映。条件と選択範囲を近接表示。
B15.10,パンフレット0723,15,26–27,外壁通気工法,室内からの水分を逃がす層と外壁、躯体、断熱材の位置関係,PC08/SP12–14 性能,断面図なし,採用,P22,原資料照合済み。公開時の採用版確認は共通,#catalog-insulation,採用／基礎説明に統合,原資料と選定原稿を対応ページへ反映。条件と選択範囲を近接表示。
B15.11,パンフレット0723,15,26–27,しろあり初期保証,Jotoしろあり保証10年、最大1000万円という紙面表記。対象構法・制度条件を確認,PC08/SP12–14 性能,年数のみで条件なし,採用,P26 詳細,Q07,#catalog-warranty,基礎説明を掲載／追加条件を保留,しろあり初期10年を掲載。1000万円上限・対象構法の一律適用は非掲載。
B15.12,パンフレット0723,15,26–27,しろあり延長制度,5年ごとの更新、最大30年、延長時の上限金額・費用。小さい印刷値を確定原稿にしない,PC08/SP12–14 性能,継続条件なし,保留,P26 詳細・P31,Q07,#catalog-warranty / #catalog-conditions,追加主張を非掲載,機種・数値・契約条件・試験条件の未解決部分は非掲載。関連ページは根拠のある基礎説明を保持。
B16.01,パンフレット0723,16,28–29,初回から設計士が同席,希望を直接聞き、敷地・日照・視線・動線を図面へ反映する,PC09/SP15–16 自由設計,現行短文と打合せ写真あり。進め方が省略,採用,P23,原資料照合済み。公開時の採用版確認は共通,#catalog-design,採用／基礎説明に統合,原資料と選定原稿を対応ページへ反映。条件と選択範囲を近接表示。
B16.02,パンフレット0723,16,28–29,自由設計の5手順,敷地確認→要望と現住居の不満→ゾーニング/動線/採光→耐震防災→遊び心と家族らしさ,PC09/SP15–16 自由設計,手順説明なし,採用,P23,原資料照合済み。公開時の採用版確認は共通,#catalog-design,採用／基礎説明に統合,原資料と選定原稿を対応ページへ反映。条件と選択範囲を近接表示。
B16.03,パンフレット0723,16,28–29,間取り1F,家事動線、キッチン、LDK、和室・中庭等の原図。寸法は原図にないものを追加しない,PC09/SP15–16 自由設計,縮小配置のみ。原図292pxでは拡大できない,採用,P24,Q14,#catalog-plans,基礎説明を掲載／追加条件を保留,支給1F図292pxを原寸以下の参考図として掲載。拡大・寸法加筆なし。
B16.04,パンフレット0723,16,28–29,間取り2F,寝室・個室・吹抜け・収納・バルコニーの関係。1Fと共通縮尺で切替,PC09/SP15–16 自由設計,縮小配置のみ。原図303pxで細字不足,採用,P24,Q14,#catalog-plans,基礎説明を掲載／追加条件を保留,支給2F図303pxを原寸以下の参考図として掲載。共通縮尺は認定しない。
B16.05,パンフレット0723,16,28–29,設計士栗野佑也,氏名と住む人の笑顔・家族ごとに合わせた設計の説明。現所属確認を残す,PC09/SP15–16 自由設計,顔・担当者の説明なし,採用,P24,Q11,#catalog-plans,基礎説明を掲載／追加条件を保留,現スタッフページへ集約リンク。現所属再確認未了につき個人紹介の複製はしない。
B16.06,パンフレット0723,16,28–29,設計士岩佐篤志,氏名と観察・要望を設計へ反映する紹介。現所属確認を残す,PC09/SP15–16 自由設計,顔・担当者の説明なし,採用,P24,Q11,#catalog-plans,基礎説明を掲載／追加条件を保留,現スタッフページへ集約リンク。現所属再確認未了につき個人紹介の複製はしない。
B16.07,パンフレット0723,16,28–29,打合せと完成写真,設計の判断が空間にどう現れたか、同じ事例と紐付いた時だけ因果を示す,PC09/SP15–16 自由設計,写真を並べただけで事例の関係が不明,採用,P23–24,Q10,#catalog-design / #catalog-plans,基礎説明を掲載／追加条件を保留,打合せと完成写真を別の実例として表示。同一事例の因果は説明しない。
B17.01,パンフレット0723,17,30–31,工務の4手順,計画の確認打合せ→外壁/床/建具/収納等の選定→現場への共有と提案→材料/位置の検査と是正,PC10/SP17 一貫体制,一貫体制の4語だけで実作業が見えない,採用,P25,原資料照合済み。公開時の採用版確認は共通,#catalog-construction,採用／基礎説明に統合,原資料と選定原稿を対応ページへ反映。条件と選択範囲を近接表示。
B17.02,パンフレット0723,17,30–31,現場写真,図面・材料・施工位置の確認。支給資料の実写と撮影時期を紐付ける,PC10/SP17 一貫体制,現行は水彩コンセプト画で現場の証拠にならない,採用,P25,Q10,#catalog-construction,採用／基礎説明に統合,原資料と選定原稿を対応ページへ反映。条件と選択範囲を近接表示。
B17.03,パンフレット0723,17,30–31,土地からの一貫体制,土地仕入れ・造成・設計・施工・アフターをつなぐ役割と情報の受け渡し,PC10/SP17 一貫体制,単語列から具体的な説明へ,採用,P01・P25,原資料照合済み。公開時の採用版確認は共通,#catalog-introduction / #catalog-construction,採用／基礎説明に統合,原資料と選定原稿を対応ページへ反映。条件と選択範囲を近接表示。
B17.04,パンフレット0723,17,30–31,奈良・京都の地図,事業範囲の図。敷地座標・ルートや現販売区画数の証拠にしない,PC10/SP17 一貫体制,カタログ内で在庫地図を複製しない,統合,P25・P32,原資料照合済み。公開時の採用版確認は共通,#catalog-construction / #catalog-visit,採用／基礎説明に統合,原資料と選定原稿を対応ページへ反映。条件と選択範囲を近接表示。
B17.05,パンフレット0723,17,30–31,200区画以上,紙面の保有区画表現。指示書150・旧216と差があり、現販売数ではない,PC10/SP17 一貫体制,未確認数字を最新値として掲載しない,保留,P25 会社実績,Q11,#catalog-construction,追加主張を非掲載,機種・数値・契約条件・試験条件の未解決部分は非掲載。関連ページは根拠のある基礎説明を保持。
B18.01,パンフレット0723,18,32–33,建物保証の期間,初期10年、所定条件で10年ごとに有償延長し最長30年,PC11/SP18 保証,現行短文あり。初期・有償延長の図がない,採用,P26・P30,原資料照合済み。公開時の採用版確認は共通,#catalog-warranty / #catalog-compare-exterior,採用／基礎説明に統合,原資料と選定原稿を対応ページへ反映。条件と選択範囲を近接表示。
B18.02,パンフレット0723,18,32–33,建物保証の対象,構造耐力上主要な部分と雨水の浸入を防止する部分。家の全設備が30年対象ではない,PC11/SP18 保証,対象図なし,採用,P26,原資料照合済み。公開時の採用版確認は共通,#catalog-warranty,採用／基礎説明に統合,原資料と選定原稿を対応ページへ反映。条件と選択範囲を近接表示。
B18.03,パンフレット0723,18,32–33,延長に必要な条件,指定会社等の点検、必要な有償メンテナンス、所定手続き,PC11/SP18 保証,延長の要件が読み取りづらい,採用,P26 主図の隣,原資料照合済み。公開時の採用版確認は共通,#catalog-warranty,採用／基礎説明に統合,原資料と選定原稿を対応ページへ反映。条件と選択範囲を近接表示。
B18.04,パンフレット0723,18,32–33,保証上限,新築2000万円/10年間、延長1000万円/10年間の紙面記載。最新約款確認,PC11/SP18 保証,限度額説明なし,保留,P26 詳細・P31,Q07,#catalog-warranty / #catalog-conditions,追加主張を非掲載,機種・数値・契約条件・試験条件の未解決部分は非掲載。関連ページは根拠のある基礎説明を保持。
B18.05,パンフレット0723,18,32–33,保証対象外,経年劣化・自然災害、他社工事等。保証内容は約款に従う,PC11/SP18 保証,除外条件なし,採用,P26 主文・詳細,Q07,#catalog-warranty,採用／基礎説明に統合,原資料と選定原稿を対応ページへ反映。条件と選択範囲を近接表示。
B18.06,パンフレット0723,18,32–33,保証の引継ぎ,売却・相続時の引継ぎに所定契約と費用が必要,PC11/SP18 保証,現行に有償の短文あり,採用,P26 詳細,原資料照合済み。公開時の採用版確認は共通,#catalog-warranty,採用／基礎説明に統合,原資料と選定原稿を対応ページへ反映。条件と選択範囲を近接表示。
B18.07,パンフレット0723,18,32–33,倒産・廃業時,制度に基づく保険金請求の説明。無条件の修繕継続ではない,PC11/SP18 保証,制度説明なし,採用,P26 詳細,Q07,#catalog-warranty,基礎説明を掲載／追加条件を保留,保険期間・責任範囲を含む最新約款の確認待ち。倒産時の保険金請求の追加説明は非掲載。
B18.08,パンフレット0723,18,32–33,地盤保証20年,基礎着工から20年・最大5000万円の紙面。制度名称・約款・対象を確認,PC11/SP18 保証,建物保証との混同を防ぐ,保留,P26・P31,Q07,#catalog-warranty / #catalog-conditions,追加主張を非掲載,機種・数値・契約条件・試験条件の未解決部分は非掲載。関連ページは根拠のある基礎説明を保持。
B18.09,パンフレット0723,18,32–33,住宅設備保証10年,メーカー保証1～2年を含め計10年、オプション。給湯器/食洗機等の対象機器を確認,PC11/SP18 保証,現行でオプション設備保証が欠落,採用,P26・P30,Q08,#catalog-warranty / #catalog-compare-exterior,採用／基礎説明に統合,原資料と選定原稿を対応ページへ反映。条件と選択範囲を近接表示。
B18.10,パンフレット0723,18,32–33,短期保証,引渡し後2年等、仕上げ・設備など部位により異なる,PC11/SP18 保証,一律2年としない,採用,P26 詳細,Q07,#catalog-warranty,基礎説明を掲載／追加条件を保留,短期保証は制度・部位ごとと説明。全設備一律2年は非掲載。
B18.11,パンフレット0723,18,32–33,第三者検査,ハウスジーメンの基礎配筋・躯体構造の2回。全施工中の確認総数が2回という意味ではない,PC11/SP18 保証,現行回数あり。対象工程の説明が足りない,採用,P25・P26,原資料照合済み。公開時の採用版確認は共通,#catalog-construction / #catalog-warranty,採用／基礎説明に統合,原資料と選定原稿を対応ページへ反映。条件と選択範囲を近接表示。
B18.12,パンフレット0723,18,32–33,定期点検の時期,紙面1/5/10/20年、指示書1/5/10/50年。30年まで4回という別説明もある,PC11/SP18 保証,20年か50年かを推測しない,保留,P27・P31,Q07,#catalog-aftercare / #catalog-conditions,追加主張を非掲載,機種・数値・契約条件・試験条件の未解決部分は非掲載。関連ページは根拠のある基礎説明を保持。
B18.13,パンフレット0723,18,32–33,無料の範囲,無料は定期点検の文脈。水栓交換・補修・清掃等を全て無料としない,PC11/SP18 保証,現行に具体的なサービス範囲なし,採用,P27,原資料照合済み。公開時の採用版確認は共通,#catalog-aftercare,採用／基礎説明に統合,原資料と選定原稿を対応ページへ反映。条件と選択範囲を近接表示。
B18.14,パンフレット0723,18,32–33,水まわり相談,蛇口水漏れ・臭い・水栓操作・浄水カートリッジなど,PC11/SP18 保証,説明なし,採用,P27,原資料照合済み。公開時の採用版確認は共通,#catalog-aftercare,採用／基礎説明に統合,原資料と選定原稿を対応ページへ反映。条件と選択範囲を近接表示。
B18.15,パンフレット0723,18,32–33,電気・内装相談,照明、電気系統、壁紙、網戸、扉、畳などの相談と修理受付,PC11/SP18 保証,説明なし,採用,P27,原資料照合済み。公開時の採用版確認は共通,#catalog-aftercare,採用／基礎説明に統合,原資料と選定原稿を対応ページへ反映。条件と選択範囲を近接表示。
B18.16,パンフレット0723,18,32–33,防犯・清掃・修理,鍵の不具合、室内清掃、修理全般。受付と無償修理を区別,PC11/SP18 保証,説明なし,採用,P27,原資料照合済み。公開時の採用版確認は共通,#catalog-aftercare,採用／基礎説明に統合,原資料と選定原稿を対応ページへ反映。条件と選択範囲を近接表示。
B19.01,パンフレット0723,19,34–35,会社と住まいのメッセージ,水彩住宅・チームの表現とブランドの結び。抽象文の繰り返しを避け実務へ接続,PC02・10/SP02・17,現行水彩を体制の実証写真と扱わない,統合,P01・P25,原資料照合済み。公開時の採用版確認は共通,#catalog-introduction / #catalog-construction,採用／基礎説明に統合,原資料と選定原稿を対応ページへ反映。条件と選択範囲を近接表示。
B19.02,パンフレット0723,19,34–35,水彩画の役割,演出・コンセプト。実際の造成、施工、引渡し済み物件の証拠写真ではない,PC02・10/SP02・17,今回の密度検証画像では採用不要,統合,P32 装飾候補,原資料照合済み。公開時の採用版確認は共通,#catalog-visit,採用／基礎説明に統合,原資料と選定原稿を対応ページへ反映。条件と選択範囲を近接表示。
B20.01,パンフレット0723,20,36–37,キッチン比較,花STEDIA対面/I型/KT、京STEDIA I型/KT、風ES,PC12/SP19 仕様,現行比較は1行でKTや型の選択が不十分,統合,P28,Q01,#catalog-compare-water,採用／基礎説明に統合,原資料と選定原稿を対応ページへ反映。条件と選択範囲を近接表示。
B20.02,パンフレット0723,20,36–37,浴室比較,花T1616/1620、京T1616、風N1616,PC12/SP19 仕様,実比較表なし,統合,P28,Q02,#catalog-compare-water,採用／基礎説明に統合,原資料と選定原稿を対応ページへ反映。条件と選択範囲を近接表示。
B20.03,パンフレット0723,20,36–37,洗面比較,共通幅900、花京引き出し、風開き扉,PC12/SP19 仕様,実比較表なし,統合,P28,原資料照合済み。公開時の採用版確認は共通,#catalog-compare-water,採用／基礎説明に統合,原資料と選定原稿を対応ページへ反映。条件と選択範囲を近接表示。
B20.04,パンフレット0723,20,36–37,トイレ比較の結合セル,花京の共通1F/2F＋別置き手洗い、風1F/2Fタンク式,PC12/SP19 仕様,「京は手洗いのみ」の二次整理を訂正,統合,P28,Q03,#catalog-compare-water,採用／基礎説明に統合,原資料と選定原稿を対応ページへ反映。条件と選択範囲を近接表示。
B20.05,パンフレット0723,20,36–37,室内建具比較,花ラシッサD/S、京風スキスムS,PC12/SP19 仕様,実比較表なし,統合,P29,原資料照合済み。公開時の採用版確認は共通,#catalog-compare-interior,採用／基礎説明に統合,原資料と選定原稿を対応ページへ反映。条件と選択範囲を近接表示。
B20.06,パンフレット0723,20,36–37,床比較,花TY-02D、京アトムジェニック/ラスティック、風アトムフィットGM,PC12/SP19 仕様,実比較表なし,統合,P29,原資料照合済み。公開時の採用版確認は共通,#catalog-compare-interior,採用／基礎説明に統合,原資料と選定原稿を対応ページへ反映。条件と選択範囲を近接表示。
B20.07,パンフレット0723,20,36–37,畳・タイル共通,ここち和座、4系統のRivieraタイル,PC12/SP19 仕様,共通項目も具体名なし,統合,P29,原資料照合済み。公開時の採用版確認は共通,#catalog-compare-interior,採用／基礎説明に統合,原資料と選定原稿を対応ページへ反映。条件と選択範囲を近接表示。
B20.08,パンフレット0723,20,36–37,玄関ドア比較,花親子＋FACE、京風片開き＋FamiLock,PC12/SP19 仕様,短文はあるが形式と機能の関係が弱い,統合,P30,Q13,#catalog-compare-exterior,採用／基礎説明に統合,原資料と選定原稿を対応ページへ反映。条件と選択範囲を近接表示。
B20.09,パンフレット0723,20,36–37,サッシ比較,花京Low-E、風シャッター併記。本文と照合してLow-E欠如を推定しない,PC12/SP19 仕様,不明点を空欄や×で埋めない,保留,P30,Q05,#catalog-compare-exterior,追加主張を非掲載,機種・数値・契約条件・試験条件の未解決部分は非掲載。関連ページは根拠のある基礎説明を保持。
B20.10,パンフレット0723,20,36–37,階段比較,花ラシッサD、京KSGL/STAS、風STAS,PC12/SP19 仕様,階段の説明自体が欠落,採用,P13・P29,Q12,#catalog-doors / #catalog-compare-interior,基礎説明を掲載／追加条件を保留,階段の形・段数・手すり・仕上げを選定する説明。KSGL/STASの正式名称は未確定で非掲載。
B20.11,パンフレット0723,20,36–37,屋根,ニスクカラーPro.。材質・形・面積の標準範囲は旧表だけで確定しない,PC12/SP19 仕様,屋根商品名なし,採用,P18・P30,Q12,#catalog-exterior / #catalog-compare-exterior,採用／基礎説明に統合,原資料と選定原稿を対応ページへ反映。条件と選択範囲を近接表示。
B20.12,パンフレット0723,20,36–37,外壁・軒天,ヘーベルパワーボード、軒天12の紙面名称。実部材の正式名を確認,PC12/SP19 仕様,共通仕様の詳しい表示なし,統合,P18・P30,Q12,#catalog-exterior / #catalog-compare-exterior,基礎説明を掲載／追加条件を保留,外壁名称と軒天の役割・実写を掲載。軒天12の正式製品名は非掲載。
B20.13,パンフレット0723,20,36–37,雨トユ・門柱,KAKU、ファンクションユニット。門柱の含まれる機能を写真と確認,PC12/SP19 仕様,項目なし,採用,P18・P30,Q12,#catalog-exterior / #catalog-compare-exterior,採用／基礎説明に統合,原資料と選定原稿を対応ページへ反映。条件と選択範囲を近接表示。
B20.14,パンフレット0723,20,36–37,断熱材,アクアフォームLITE,PC12/SP19 仕様,現行は短文のみ,統合,P22・P30,原資料照合済み。公開時の採用版確認は共通,#catalog-insulation / #catalog-compare-exterior,採用／基礎説明に統合,原資料と選定原稿を対応ページへ反映。条件と選択範囲を近接表示。
B20.15,パンフレット0723,20,36–37,給湯機,エコジョーズ/エコキュート。両方同時標準という意味ではない。エネルギー選択の条件を確認,PC12/SP19 仕様,選択の説明なし,保留,P30・P31,Q12,#catalog-compare-exterior / #catalog-conditions,追加主張を非掲載,機種・数値・契約条件・試験条件の未解決部分は非掲載。関連ページは根拠のある基礎説明を保持。
B20.16,パンフレット0723,20,36–37,性能・保証への参照,耐震制振・地盤建物保証・断熱耐久・しろあり・長期保証・アフター,PC12/SP19 仕様,横断する比較と詳細への導線なし,統合,P21–22・P26–27・P30,原資料照合済み。公開時の採用版確認は共通,#catalog-earthquake / #catalog-insulation / #catalog-warranty / #catalog-aftercare / #catalog-compare-exterior,採用／基礎説明に統合,原資料と選定原稿を対応ページへ反映。条件と選択範囲を近接表示。
B21.01,パンフレット0723,21,なし,会社名・所在地・窓口,奈良・京都の会社連絡先。公開時に会社ページの正本へ合わせる,PC13/SP20 案内,連絡先をカタログ内へ二重管理しない,統合,P32,Q11,#catalog-visit,採用／基礎説明に統合,原資料と選定原稿を対応ページへ反映。条件と選択範囲を近接表示。
B21.02,パンフレット0723,21,なし,会社概要と免許,創業2011/11/30、資本金、役員、免許等は必要時に現行会社情報へリンク,PC13/SP20 案内,固定PDFの役職や番号を最新としない,統合,P32,Q11,#catalog-visit,採用／基礎説明に統合,原資料と選定原稿を対応ページへ反映。条件と選択範囲を近接表示。
B21.03,パンフレット0723,21,なし,取引銀行・関連会社,物選びの判断に直結しない詳細は会社情報へ集約,PC13/SP20 案内,カタログの情報密度と無関係な項目増量を避ける,不採用,会社情報（本件外）,原資料照合済み。公開時の採用版確認は共通,QA採否記録／カタログ外は既存担当ページ,不採用（原設計の判定を維持）,顧客UIへ転記しない。理由は原資料台帳のgap欄。
B21.04,パンフレット0723,21,なし,Web・SNSのQR,正式なURLへ置換。SNSアカウントや予約先を推測しない,PC13/SP20 案内,空QRや使いにくいスマホ内QRにしない,統合,P32,原資料照合済み。公開時の採用版確認は共通,#catalog-visit,採用／基礎説明に統合,原資料と選定原稿を対応ページへ反映。条件と選択範囲を近接表示。
I01.01,WEBサイト編集指示書8_4,1,独立した通し番号なし,追加費用ゼロの言い切り,最初に費用内訳を示す意図を残し、無条件で増額しないという保証はしない,P01–P32の関連する現行章／TOP等の対象外,原指示の意図と現在の制作契約・採用状態を区別,統合,P01・P31,Q09,#catalog-introduction / #catalog-conditions,採用／基礎説明に統合,原資料と選定原稿を対応ページへ反映。条件と選択範囲を近接表示。
I01.02,WEBサイト編集指示書8_4,1,独立した通し番号なし,費用項目の0円表現,地盤改良・つなぎ融資・仲介・測量/造成・給水等。土地と契約の適用条件を個別確認,P01–P32の関連する現行章／TOP等の対象外,原指示の意図と現在の制作契約・採用状態を区別,保留,P01・P31,Q09,#catalog-introduction / #catalog-conditions,追加主張を非掲載,機種・数値・契約条件・試験条件の未解決部分は非掲載。関連ページは根拠のある基礎説明を保持。
I01.03,WEBサイト編集指示書8_4,1,独立した通し番号なし,他社差額の試算,120～150万円、土地2000万円で400～470万円等の比較は条件と現在根拠なし,P01–P32の関連する現行章／TOP等の対象外,原指示の意図と現在の制作契約・採用状態を区別,不採用,P31 採否記録,Q09,#catalog-conditions,不採用（原設計の判定を維持）,顧客UIへ転記しない。理由は原資料台帳のgap欄。
I02.01,WEBサイト編集指示書8_4,2,独立した通し番号なし,3シリーズ価格,花/風2680万円、京2480万円、税込。「〜」を外す指示。建物本体の対象面積を併記,P01–P32の関連する現行章／TOP等の対象外,原指示の意図と現在の制作契約・採用状態を区別,採用,P02–05・P31,Q09,#catalog-series / #catalog-hana / #catalog-kyo / #catalog-kaze / #catalog-conditions,採用／基礎説明に統合,原資料と選定原稿を対応ページへ反映。条件と選択範囲を近接表示。
I02.02,WEBサイト編集指示書8_4,2,独立した通し番号なし,土地別途を消す指示,価格範囲を読者に明示する現在の制作契約と競合。土地代を含むと誤認させない,P01–P32の関連する現行章／TOP等の対象外,原指示の意図と現在の制作契約・採用状態を区別,保留,P02・P31,Q09,#catalog-series / #catalog-conditions,追加主張を非掲載,機種・数値・契約条件・試験条件の未解決部分は非掲載。関連ページは根拠のある基礎説明を保持。
I02.03,WEBサイト編集指示書8_4,2,独立した通し番号なし,シリーズ色と訴求,赤/緑/黄は提案。上下ランクで固定せず設備と暮らしの選び方を示す,P01–P32の関連する現行章／TOP等の対象外,原指示の意図と現在の制作契約・採用状態を区別,統合,P02–05,原指示照合済み。既存サイト変更を意味しない,#catalog-series / #catalog-hana / #catalog-kyo / #catalog-kaze,採用／基礎説明に統合,原資料と選定原稿を対応ページへ反映。条件と選択範囲を近接表示。
I02.04,WEBサイト編集指示書8_4,2,独立した通し番号なし,値引率24/22/23/26％,算定対象と最新版の母数不明。訴求へ転記しない,P01–P32の関連する現行章／TOP等の対象外,原指示の意図と現在の制作契約・採用状態を区別,不採用,P31 採否記録,Q09,#catalog-conditions,不採用（原設計の判定を維持）,顧客UIへ転記しない。理由は原資料台帳のgap欄。
I02.05,WEBサイト編集指示書8_4,2,独立した通し番号なし,シリーズ6～8特徴,単語一覧ではなく写真/動画と仕様の対応を示す,P01–P32の関連する現行章／TOP等の対象外,原指示の意図と現在の制作契約・採用状態を区別,採用,P03–05,Q10,#catalog-hana / #catalog-kyo / #catalog-kaze,採用／基礎説明に統合,原資料と選定原稿を対応ページへ反映。条件と選択範囲を近接表示。
I02.06,WEBサイト編集指示書8_4,2,独立した通し番号なし,実績770棟超と創業年,2026/7/10時点の770超という指示。施工/引渡しの集計範囲を確認。15周年は日付依存,P01–P32の関連する現行章／TOP等の対象外,原指示の意図と現在の制作契約・採用状態を区別,保留,P01・P25,Q11,#catalog-introduction / #catalog-construction,追加主張を非掲載,機種・数値・契約条件・試験条件の未解決部分は非掲載。関連ページは根拠のある基礎説明を保持。
I03.01,WEBサイト編集指示書8_4,3,独立した通し番号なし,TOPのシリーズ写真配置,TOPで図面を写真へという指示。カタログの詳しい図面掲載を禁じる指示ではない,P01–P32の関連する現行章／TOP等の対象外,原指示の意図と現在の制作契約・採用状態を区別,統合,P03–05・P24,原指示照合済み。既存サイト変更を意味しない,#catalog-hana / #catalog-kyo / #catalog-kaze / #catalog-plans,採用／基礎説明に統合,原資料と選定原稿を対応ページへ反映。条件と選択範囲を近接表示。
I03.02,WEBサイト編集指示書8_4,3,独立した通し番号なし,SPで3価格を一覧,価格を比較できる短い共通表を用意,P01–P32の関連する現行章／TOP等の対象外,原指示の意図と現在の制作契約・採用状態を区別,採用,P02,Q09,#catalog-series,採用／基礎説明に統合,原資料と選定原稿を対応ページへ反映。条件と選択範囲を近接表示。
I03.03,WEBサイト編集指示書8_4,3,独立した通し番号なし,契約後費用不変の削除,標準と選択、仕様確定後の変更を正しく説明,P01–P32の関連する現行章／TOP等の対象外,原指示の意図と現在の制作契約・採用状態を区別,採用,P01・P31,Q09,#catalog-introduction / #catalog-conditions,採用／基礎説明に統合,原資料と選定原稿を対応ページへ反映。条件と選択範囲を近接表示。
I03.04,WEBサイト編集指示書8_4,3,独立した通し番号なし,TOPのReason等の整理,TOP構成の変更は専任公開担当の範囲,P01–P32の関連する現行章／TOP等の対象外,原指示の意図と現在の制作契約・採用状態を区別,不採用,対象外。カタログへの意味のみP01,原指示照合済み。既存サイト変更を意味しない,#catalog-introduction,不採用（原設計の判定を維持）,顧客UIへ転記しない。理由は原資料台帳のgap欄。
I04.01,WEBサイト編集指示書8_4,4,独立した通し番号なし,奈良地図と写真,住所特定できる在庫地図の複製はせず、既存物件ページへ,P01–P32の関連する現行章／TOP等の対象外,原指示の意図と現在の制作契約・採用状態を区別,統合,P25・P32,Q11,#catalog-construction / #catalog-visit,採用／基礎説明に統合,原資料と選定原稿を対応ページへ反映。条件と選択範囲を近接表示。
I04.02,WEBサイト編集指示書8_4,4,独立した通し番号なし,保有150/旧216区画,200以上というパンフ表記とも異なる。販売中件数の代用にしない,P01–P32の関連する現行章／TOP等の対象外,原指示の意図と現在の制作契約・採用状態を区別,保留,P25,Q11,#catalog-construction,追加主張を非掲載,機種・数値・契約条件・試験条件の未解決部分は非掲載。関連ページは根拠のある基礎説明を保持。
I04.03,WEBサイト編集指示書8_4,4,独立した通し番号なし,FAQ4点,カタログ内では費用/選択/性能/保証の該当章で答え、サイト全体のFAQは本件外,P01–P32の関連する現行章／TOP等の対象外,原指示の意図と現在の制作契約・採用状態を区別,統合,P31,原指示照合済み。既存サイト変更を意味しない,#catalog-conditions,採用／基礎説明に統合,原資料と選定原稿を対応ページへ反映。条件と選択範囲を近接表示。
I05.01,WEBサイト編集指示書8_4,5,独立した通し番号なし,自社責任・管理体制,具体的な受け渡しと現場確認を説明,P01–P32の関連する現行章／TOP等の対象外,原指示の意図と現在の制作契約・採用状態を区別,採用,P25,原指示照合済み。既存サイト変更を意味しない,#catalog-construction,採用／基礎説明に統合,原資料と選定原稿を対応ページへ反映。条件と選択範囲を近接表示。
I05.02,WEBサイト編集指示書8_4,5,独立した通し番号なし,設計士2名と実映像,2名の原写真、ARCHITRENDウォークスルー、wallstat実データ。映像の存在は未確認,P01–P32の関連する現行章／TOP等の対象外,原指示の意図と現在の制作契約・採用状態を区別,採用,P21・P24,Q11/Q14,#catalog-earthquake / #catalog-plans,基礎説明を掲載／追加条件を保留,設計担当ページへリンク。wallstat/ARCHITRENDの実映像は未取得。
I05.03,WEBサイト編集指示書8_4,5,独立した通し番号なし,火災保険と保証,任意保険加入や保証の代わりと推定しない,P01–P32の関連する現行章／TOP等の対象外,原指示の意図と現在の制作契約・採用状態を区別,保留,P26・P31,Q07,#catalog-warranty / #catalog-conditions,追加主張を非掲載,機種・数値・契約条件・試験条件の未解決部分は非掲載。関連ページは根拠のある基礎説明を保持。
I05.04,WEBサイト編集指示書8_4,5,独立した通し番号なし,無料点検1/5/10/50,パンフ1/5/10/20と差。50を20に自動訂正しない,P01–P32の関連する現行章／TOP等の対象外,原指示の意図と現在の制作契約・採用状態を区別,保留,P27,Q07,#catalog-aftercare,追加主張を非掲載,機種・数値・契約条件・試験条件の未解決部分は非掲載。関連ページは根拠のある基礎説明を保持。
I05.05,WEBサイト編集指示書8_4,5,独立した通し番号なし,固定ナビ土地・見学,案内への既存リンクを使う。フォーム追加や送信は本件外,P01–P32の関連する現行章／TOP等の対象外,原指示の意図と現在の制作契約・採用状態を区別,統合,P32,原指示照合済み。既存サイト変更を意味しない,#catalog-visit,採用／基礎説明に統合,原資料と選定原稿を対応ページへ反映。条件と選択範囲を近接表示。
I06.01,WEBサイト編集指示書8_4,6,独立した通し番号なし,販売中20以上等,現在件数が動く物件情報はカタログに固定せず担当ページへ,P01–P32の関連する現行章／TOP等の対象外,原指示の意図と現在の制作契約・採用状態を区別,不採用,P32から既存ページへ,Q11,#catalog-visit,不採用（原設計の判定を維持）,顧客UIへ転記しない。理由は原資料台帳のgap欄。
I06.02,WEBサイト編集指示書8_4,6,独立した通し番号なし,重複価格を整理し詳細はカタログ,価格の正本データを共用し、カタログへ具体的な仕様を戻す,P01–P32の関連する現行章／TOP等の対象外,原指示の意図と現在の制作契約・採用状態を区別,採用,P02・P28–31,原指示照合済み。既存サイト変更を意味しない,#catalog-series / #catalog-compare-water / #catalog-compare-interior / #catalog-compare-exterior / #catalog-conditions,採用／基礎説明に統合,原資料と選定原稿を対応ページへ反映。条件と選択範囲を近接表示。
I06.03,WEBサイト編集指示書8_4,6,独立した通し番号なし,紙パンフとのブランド統一,既存表紙は維持。中身は読むための余白・図版・表に再編,P01–P32の関連する現行章／TOP等の対象外,原指示の意図と現在の制作契約・採用状態を区別,採用,全体,原指示照合済み。既存サイト変更を意味しない,QA採否記録／カタログ外は既存担当ページ,採用／基礎説明に統合,原資料と選定原稿を対応ページへ反映。条件と選択範囲を近接表示。
I06.04,WEBサイト編集指示書8_4,6,独立した通し番号なし,販売終了物件の実例化,既存実例ページの運用へ。写真の関係が確認できたものを資料で使用,P01–P32の関連する現行章／TOP等の対象外,原指示の意図と現在の制作契約・採用状態を区別,統合,P03–05,Q10,#catalog-hana / #catalog-kyo / #catalog-kaze,採用／基礎説明に統合,原資料と選定原稿を対応ページへ反映。条件と選択範囲を近接表示。
I07.01,WEBサイト編集指示書8_4,7,独立した通し番号なし,全アクションの再掲,1～6ページの重複は同じ項目へ統合,P01–P32の関連する現行章／TOP等の対象外,原指示の意図と現在の制作契約・採用状態を区別,統合,I01–I06の各行,原指示照合済み。既存サイト変更を意味しない,QA採否記録／カタログ外は既存担当ページ,採用／基礎説明に統合,原資料と選定原稿を対応ページへ反映。条件と選択範囲を近接表示。
I07.02,WEBサイト編集指示書8_4,7,独立した通し番号なし,住友林業PDFの参考,表現の資料として紹介されているが転載・型の踏襲はしない。今回は設備メーカーの詳細表示を現在確認,P01–P32の関連する現行章／TOP等の対象外,原指示の意図と現在の制作契約・採用状態を区別,不採用,DESIGN_AND_INTERACTION.md,原指示照合済み。既存サイト変更を意味しない,QA採否記録／カタログ外は既存担当ページ,不採用（原設計の判定を維持）,顧客UIへ転記しない。理由は原資料台帳のgap欄。
